{
	"info": {
		"_postman_id": "44d61472-5bd1-490a-bc7d-d9e69f550beb",
		"name": "DummyRestApi",
		"schema": "https://schema.getpostman.com/json/collection/v2.1.0/collection.json",
		"_exporter_id": "37244022"
	},
	"item": [
		{
			"name": "CreateRecord",
			"event": [
				{
					"listen": "test",
					"script": {
						"exec": [
							"pm.test(\"Status code is 200\", function () {\r",
							"    pm.response.to.have.status(200);\r",
							"});\r",
							"// Stores the id from the response in a global variable\r",
							"var responseData = pm.response.json();\r",
							"var userId = responseData.data.id;\r",
							"pm.collectionVariables.set(\"userId\", userId);"
						],
						"type": "text/javascript",
						"packages": {}
					}
				}
			],
			"request": {
				"method": "POST",
				"header": [],
				"body": {
					"mode": "raw",
					"raw": "{\"name\":\"test\",\"salary\":\"123\",\"age\":\"23\"}",
					"options": {
						"raw": {
							"language": "json"
						}
					}
				},
				"url": {
					"raw": "{{base_uri}}/create",
					"host": [
						"{{base_uri}}"
					],
					"path": [
						"create"
					]
				}
			},
			"response": []
		},
		{
			"name": "GetListOfRecords",
			"event": [
				{
					"listen": "test",
					"script": {
						"exec": [
							"pm.test(\"Status code is 200\", function () {\r",
							"    pm.response.to.have.status(200);\r",
							"});"
						],
						"type": "text/javascript",
						"packages": {}
					}
				}
			],
			"request": {
				"method": "GET",
				"header": [],
				"url": {
					"raw": "{{base_uri}}/employees",
					"host": [
						"{{base_uri}}"
					],
					"path": [
						"employees"
					]
				}
			},
			"response": []
		},
		{
			"name": "GetRecord",
			"event": [
				{
					"listen": "test",
					"script": {
						"exec": [
							"pm.test(\"Status code is 200\", function () {\r",
							"    pm.response.to.have.status(200);\r",
							"});"
						],
						"type": "text/javascript",
						"packages": {}
					}
				}
			],
			"request": {
				"method": "GET",
				"header": [],
				"url": {
					"raw": "{{base_uri}}/employee/{{userId}}",
					"host": [
						"{{base_uri}}"
					],
					"path": [
						"employee",
						"{{userId}}"
					]
				}
			},
			"response": []
		},
		{
			"name": "UpdateRecord",
			"event": [
				{
					"listen": "test",
					"script": {
						"exec": [
							"pm.test(\"Status code is 200\", function () {\r",
							"    pm.response.to.have.status(200);\r",
							"});"
						],
						"type": "text/javascript",
						"packages": {}
					}
				}
			],
			"request": {
				"method": "PUT",
				"header": [],
				"body": {
					"mode": "raw",
					"raw": "{\"name\":\"test123\",\"salary\":\"123\",\"age\":\"23\"}",
					"options": {
						"raw": {
							"language": "json"
						}
					}
				},
				"url": {
					"raw": "{{base_uri}}/update/{{userId}}",
					"host": [
						"{{base_uri}}"
					],
					"path": [
						"update",
						"{{userId}}"
					]
				}
			},
			"response": []
		},
		{
			"name": "DeleteRecord",
			"event": [
				{
					"listen": "test",
					"script": {
						"exec": [
							"pm.test(\"Status code is 200\", function () {\r",
							"    pm.response.to.have.status(200);\r",
							"});"
						],
						"type": "text/javascript",
						"packages": {}
					}
				}
			],
			"request": {
				"method": "DELETE",
				"header": [],
				"url": {
					"raw": "{{base_uri}}/delete/{{userId}}",
					"host": [
						"{{base_uri}}"
					],
					"path": [
						"delete",
						"{{userId}}"
					]
				}
			},
			"response": []
		}
	],
	"variable": [
		{
			"key": "userId",
			"value": ""
		}
	]
}